INSERT INTO jeudeladate.blocks (id, name, clicks, experience_min, experience_max, coin_min, coin_max, usekeys_chance) VALUES (1, 'charbon', 10, 5, 10, 1, 2, 0.5);
INSERT INTO jeudeladate.blocks (id, name, clicks, experience_min, experience_max, coin_min, coin_max, usekeys_chance) VALUES (2, 'fer', 50, 25, 50, 5, 10, 0.05);
INSERT INTO jeudeladate.blocks (id, name, clicks, experience_min, experience_max, coin_min, coin_max, usekeys_chance) VALUES (3, 'or', 100, 500, 1500, 25, 50, 0);
INSERT INTO jeudeladate.blocks (id, name, clicks, experience_min, experience_max, coin_min, coin_max, usekeys_chance) VALUES (4, 'redstone', 100, 150, 300, 15, 30, 0.005);
INSERT INTO jeudeladate.blocks (id, name, clicks, experience_min, experience_max, coin_min, coin_max, usekeys_chance) VALUES (5, 'lapis', 150, 1000, 2500, 40, 80, 0);
INSERT INTO jeudeladate.blocks (id, name, clicks, experience_min, experience_max, coin_min, coin_max, usekeys_chance) VALUES (6, 'diamant', 250, 3000, 12000, 200, 250, 0);
INSERT INTO jeudeladate.blocks (id, name, clicks, experience_min, experience_max, coin_min, coin_max, usekeys_chance) VALUES (7, 'emeraude', 400, 10000, 14000, 225, 300, 0);
INSERT INTO jeudeladate.blocks (id, name, clicks, experience_min, experience_max, coin_min, coin_max, usekeys_chance) VALUES (8, 'blocfer', 450, 12000, 14000, 250, 325, 0);
INSERT INTO jeudeladate.blocks (id, name, clicks, experience_min, experience_max, coin_min, coin_max, usekeys_chance) VALUES (9, 'blocor', 500, 15000, 16500, 250, 350, 0);
INSERT INTO jeudeladate.blocks (id, name, clicks, experience_min, experience_max, coin_min, coin_max, usekeys_chance) VALUES (10, 'blocredstone', 550, 16000, 18000, 350, 500, 0);
INSERT INTO jeudeladate.blocks (id, name, clicks, experience_min, experience_max, coin_min, coin_max, usekeys_chance) VALUES (11, 'bloclapis', 600, 16000, 18000, 450, 600, 0);
INSERT INTO jeudeladate.blocks (id, name, clicks, experience_min, experience_max, coin_min, coin_max, usekeys_chance) VALUES (12, 'blocdiamant', 700, 17000, 18000, 700, 1000, 0);
INSERT INTO jeudeladate.blocks (id, name, clicks, experience_min, experience_max, coin_min, coin_max, usekeys_chance) VALUES (13, 'blocemeraude', 800, 18000, 20000, 800, 1000, 0);
INSERT INTO jeudeladate.blocks (id, name, clicks, experience_min, experience_max, coin_min, coin_max, usekeys_chance) VALUES (14, 'obsidienne', 1000, 20000, 25000, 1000, 1250, 0);

INSERT INTO jeudeladate.levels (id, nb, experience_needed) VALUES (1, 1, 50);
INSERT INTO jeudeladate.levels (id, nb, experience_needed) VALUES (2, 2, 150);
INSERT INTO jeudeladate.levels (id, nb, experience_needed) VALUES (3, 3, 300);
INSERT INTO jeudeladate.levels (id, nb, experience_needed) VALUES (4, 4, 1000);
INSERT INTO jeudeladate.levels (id, nb, experience_needed) VALUES (5, 5, 5000);
INSERT INTO jeudeladate.levels (id, nb, experience_needed) VALUES (6, 6, 25000);
INSERT INTO jeudeladate.levels (id, nb, experience_needed) VALUES (7, 7, 50000);
INSERT INTO jeudeladate.levels (id, nb, experience_needed) VALUES (8, 8, 100000);
INSERT INTO jeudeladate.levels (id, nb, experience_needed) VALUES (9, 9, 1000000);
INSERT INTO jeudeladate.levels (id, nb, experience_needed) VALUES (10, 10, 1100000);
INSERT INTO jeudeladate.levels (id, nb, experience_needed) VALUES (11, 11, 1200000);
INSERT INTO jeudeladate.levels (id, nb, experience_needed) VALUES (12, 12, 1300000);
INSERT INTO jeudeladate.levels (id, nb, experience_needed) VALUES (13, 13, 1400000);
INSERT INTO jeudeladate.levels (id, nb, experience_needed) VALUES (14, 14, 1500000);
INSERT INTO jeudeladate.levels (id, nb, experience_needed) VALUES (15, 15, 1600000);
INSERT INTO jeudeladate.levels (id, nb, experience_needed) VALUES (16, 16, 1700000);
INSERT INTO jeudeladate.levels (id, nb, experience_needed) VALUES (17, 17, 1800000);
INSERT INTO jeudeladate.levels (id, nb, experience_needed) VALUES (18, 18, 1900000);
INSERT INTO jeudeladate.levels (id, nb, experience_needed) VALUES (19, 19, 2000000);
INSERT INTO jeudeladate.levels (id, nb, experience_needed) VALUES (20, 20, 300000000);

INSERT INTO jeudeladate.levels_blocks (id, level_id, block_id, chance) VALUES (1, 1, 1, 1);
INSERT INTO jeudeladate.levels_blocks (id, level_id, block_id, chance) VALUES (2, 2, 1, 0.9);
INSERT INTO jeudeladate.levels_blocks (id, level_id, block_id, chance) VALUES (3, 3, 1, 0.4);
INSERT INTO jeudeladate.levels_blocks (id, level_id, block_id, chance) VALUES (4, 3, 2, 0.6);
INSERT INTO jeudeladate.levels_blocks (id, level_id, block_id, chance) VALUES (5, 4, 1, 0.1);
INSERT INTO jeudeladate.levels_blocks (id, level_id, block_id, chance) VALUES (6, 4, 2, 0.7);
INSERT INTO jeudeladate.levels_blocks (id, level_id, block_id, chance) VALUES (7, 4, 4, 0.2);
INSERT INTO jeudeladate.levels_blocks (id, level_id, block_id, chance) VALUES (8, 5, 2, 0.4);
INSERT INTO jeudeladate.levels_blocks (id, level_id, block_id, chance) VALUES (9, 5, 4, 0.6);
INSERT INTO jeudeladate.levels_blocks (id, level_id, block_id, chance) VALUES (10, 6, 3, 0.7);
INSERT INTO jeudeladate.levels_blocks (id, level_id, block_id, chance) VALUES (11, 6, 4, 0.3);
INSERT INTO jeudeladate.levels_blocks (id, level_id, block_id, chance) VALUES (12, 7, 3, 0.2);
INSERT INTO jeudeladate.levels_blocks (id, level_id, block_id, chance) VALUES (13, 7, 5, 0.8);
INSERT INTO jeudeladate.levels_blocks (id, level_id, block_id, chance) VALUES (14, 8, 3, 0.05);
INSERT INTO jeudeladate.levels_blocks (id, level_id, block_id, chance) VALUES (15, 8, 5, 0.6);
INSERT INTO jeudeladate.levels_blocks (id, level_id, block_id, chance) VALUES (16, 8, 6, 0.35);
INSERT INTO jeudeladate.levels_blocks (id, level_id, block_id, chance) VALUES (17, 2, 2, 0.1);
INSERT INTO jeudeladate.levels_blocks (id, level_id, block_id, chance) VALUES (18, 9, 5, 0.1);
INSERT INTO jeudeladate.levels_blocks (id, level_id, block_id, chance) VALUES (19, 9, 6, 0.9);
INSERT INTO jeudeladate.levels_blocks (id, level_id, block_id, chance) VALUES (20, 10, 6, 1);
INSERT INTO jeudeladate.levels_blocks (id, level_id, block_id, chance) VALUES (21, 11, 7, 0.6);
INSERT INTO jeudeladate.levels_blocks (id, level_id, block_id, chance) VALUES (22, 12, 7, 1);
INSERT INTO jeudeladate.levels_blocks (id, level_id, block_id, chance) VALUES (23, 13, 7, 0.2);
INSERT INTO jeudeladate.levels_blocks (id, level_id, block_id, chance) VALUES (24, 13, 8, 0.8);
INSERT INTO jeudeladate.levels_blocks (id, level_id, block_id, chance) VALUES (25, 14, 8, 1);
INSERT INTO jeudeladate.levels_blocks (id, level_id, block_id, chance) VALUES (26, 15, 8, 0.2);
INSERT INTO jeudeladate.levels_blocks (id, level_id, block_id, chance) VALUES (27, 15, 9, 0.8);
INSERT INTO jeudeladate.levels_blocks (id, level_id, block_id, chance) VALUES (28, 16, 9, 1);
INSERT INTO jeudeladate.levels_blocks (id, level_id, block_id, chance) VALUES (29, 17, 10, 1);
INSERT INTO jeudeladate.levels_blocks (id, level_id, block_id, chance) VALUES (30, 18, 11, 1);
INSERT INTO jeudeladate.levels_blocks (id, level_id, block_id, chance) VALUES (31, 19, 12, 1);
INSERT INTO jeudeladate.levels_blocks (id, level_id, block_id, chance) VALUES (32, 20, 13, 0.6);
INSERT INTO jeudeladate.levels_blocks (id, level_id, block_id, chance) VALUES (33, 20, 14, 0.4);
INSERT INTO jeudeladate.levels_blocks (id, level_id, block_id, chance) VALUES (34, 11, 6, 0.4);

INSERT INTO jeudeladate.products (id, name, description, image) VALUES (1, 'Un vrai chevalier !', 'Achetez cet objet pour participer au grand tirage au sort et tenter de gagner un grade d''une valeur de 10 euros pendant 2 mois dès l''ouverture !', 'https://d1u5p3l4wpay3k.cloudfront.net/minecraft_fr_gamepedia/1/1b/%C3%89tiquette_nominative.png');
INSERT INTO jeudeladate.products (id, name, description, image) VALUES (2, 'Je suis Utarien', 'Achetez cet objet pour participer au grand tirage au sort et tenter de gagner un grade d''une de valeur de 5 euros pendant 2 mois dès l''ouverture !', 'https://d1u5p3l4wpay3k.cloudfront.net/minecraft_fr_gamepedia/1/1b/%C3%89tiquette_nominative.png');
INSERT INTO jeudeladate.products (id, name, description, image) VALUES (3, 'Pioche magique', 'Une SUPER-PIOCHE qui va miner pour vous !', 'https://www.hexxit-wiki.com/w/images/hexxit/c/cc/Magic_Pickaxe.png');
INSERT INTO jeudeladate.products (id, name, description, image) VALUES (4, 'Super-clic !', 'Cet objet booste votre souris et double le nombre de coups à chaque clic ! ', 'https://i.imgur.com/vWOopil.png');

INSERT INTO jeudeladate.products_levels (id, level, value, product_id, min_level, price) VALUES (1, 1, 1, 3, 5, 200);
INSERT INTO jeudeladate.products_levels (id, level, value, product_id, min_level, price) VALUES (2, 2, 1.5, 3, 7, 1000);
INSERT INTO jeudeladate.products_levels (id, level, value, product_id, min_level, price) VALUES (3, 1, 1, 1, 1, 30000);
INSERT INTO jeudeladate.products_levels (id, level, value, product_id, min_level, price) VALUES (4, 1, 1, 2, 1, 15000);
INSERT INTO jeudeladate.products_levels (id, level, value, product_id, min_level, price) VALUES (5, 1, 2, 4, 8, 5000);
INSERT INTO jeudeladate.products_levels (id, level, value, product_id, min_level, price) VALUES (6, 3, 1.75, 3, 10, 20000);
INSERT INTO jeudeladate.products_levels (id, level, value, product_id, min_level, price) VALUES (7, 4, 2, 3, 12, 40000);
INSERT INTO jeudeladate.products_levels (id, level, value, product_id, min_level, price) VALUES (8, 5, 3, 3, 15, 80000);
INSERT INTO jeudeladate.products_levels (id, level, value, product_id, min_level, price) VALUES (9, 6, 4, 3, 18, 100000);
INSERT INTO jeudeladate.products_levels (id, level, value, product_id, min_level, price) VALUES (10, 2, 5, 4, 10, 25000);
INSERT INTO jeudeladate.products_levels (id, level, value, product_id, min_level, price) VALUES (11, 3, 8, 4, 13, 40000);
INSERT INTO jeudeladate.products_levels (id, level, value, product_id, min_level, price) VALUES (12, 4, 12, 4, 16, 80000);
INSERT INTO jeudeladate.products_levels (id, level, value, product_id, min_level, price) VALUES (13, 5, 15, 4, 18, 100000);
INSERT INTO jeudeladate.products_levels (id, level, value, product_id, min_level, price) VALUES (14, 6, 25, 4, 20, 125000);

INSERT INTO jeudeladate.date_breakpoints VALUES (1,'XX0X',100000),(2,'XX03',5000000),(3,'0X03',36000000),(4,'0303',38673818);

